Movie Name,Director,Year,Jump Count,Jump Scare Rating,Netflix (US)
[Rec],"Jaume Balagueró, Paco Plaza",2007,11,3.5,No
A Cure for Wellness,Gore Verbinski,2016,6,1.5,No
A Dark Song,Liam Gavin,2016,5,2.0,No
A Ghost Story,David Lowery,2017,3,1.0,No
A Girl Walks Home Alone at Night,Ana Lily Amirpour,2014,0,0.0,No
A Nightmare on Elm Street,Wes Craven,1984,11,2.5,No
A Nightmare on Elm Street,Samuel Bayer,2010,15,3.0,No
A Nightmare on Elm Street 2: Freddy’s Revenge,Jack Sholder,1985,8,2.0,No
A Nightmare on Elm Street 3: Dream Warriors,Chuck Russell,1987,11,2.5,No
A Nightmare on Elm Street 4: The Dream Master,Renny Harlin,1988,6,1.5,No
A Nightmare on Elm Street 5: The Dream Child,Stephen Hopkins,1989,10,2.5,No
A Quiet Place,John Krasinski,2018,14,4.0,No
A Quiet Place Part II,John Krasinski,2020,15,4.0,No
A Tale of Two Sisters,Jee-woon Kim,2003,14,3.0,No
Abrakadabra,"Luciano Onetti, Nicolás Onetti",2018,0,0.0,No
Absentia,Mike Flanagan,2011,8,2.0,No
After Midnight,"Jeremy Gardner, Christian Stella",2019,6,2.5,No
Aftermath,Peter Winther,2021,5,2.5,Yes
Alien,Ridley Scott,1979,11,2.5,No
Alien 3,David Fincher,1992,14,2.5,No
Alien: Covenant,Ridley Scott,2017,6,2.0,No
Alien: Resurrection,Jean-Pierre Jeunet,1997,9,3.0,No
Aliens,James Cameron,1986,13,3.0,No
All Hallows’ Eve ,Damien Leone,2013,13,3.0,No
Alone,"Banjong Pisanthanakun, Parkpoom Wongpoom",2007,21,4.5,No
Alone,John Hyams,2020,0,1.5,No
Altered States,Ken Russell,1980,2,0.5,No
Amityville: The Awakening,Franck Khalfoun,2017,11,3.0,No
Amnesiac,Michael Polish,2015,1,0.5,No
Amulet,Romola Garai,2020,3,1.5,No
An American Werewolf in London,John Landis,1981,14,3.0,No
An American Werewolf in Paris,Anthony Waller,1997,11,2.5,No
Anaconda,Luis Llosa,1997,9,2.0,No
Anacondas: The Hunt for Blood Orchid,Dwight H. Little,2004,7,3.0,No
Anna,Jorge Dorado,2013,5,1.0,No
Anna and the Apocalypse,John McPhail,2017,6,2.5,No
Annabelle,John R. Leonetti,2014,11,3.5,No
Annabelle Comes Home,Gary Dauberman,2019,20,4.0,No
Annabelle: Creation,David F. Sandberg,2017,23,4.5,No
Annihilation,Alex Garland,2018,4,1.5,Yes
Antebellum,"Gerard Bush, Christopher Renz",2020,2,0.5,No
Antlers,Scott Cooper,2021,4,1.0,No
Antrum: The Deadliest Film Ever Made.,"David Amito, Michael Laicini",2018,0,0.0,No
Anything For Jackson,Justin G. Dyck,2020,7,3.0,No
Apollo 18,Gonzalo López-Gallego,2011,10,3.0,No
Apostle,Gareth Evans,2018,5,1.5,Yes
Aquaslash,Renaud Gauthier,2019,0,0.0,No
Area 51,Oren Peli,2015,4,1.0,No
Army of Darkness – Director’s Cut,Sam Raimi,1992,8,2.0,No
Army of Darkness – Theatrical Cut,Sam Raimi,1992,9,2.0,No
Arrival,Denis Villeneuve,2016,3,0.5,No
"As Above, So Below",John Erick Dowdle,2014,7,3.0,Yes
Attack the Block,Joe Cornish,2011,12,3.0,No
Audition,Takashi Miike,1999,1,0.5,No
Backcountry,Adam MacDonald,2014,4,0.5,Yes
Backtrack,Michael Petroni,2015,14,3.5,No
Banshee Chapter,Blair Erickson,2013,22,5.0,No
Basket Case,Frank Henenlotter,1982,4,2.5,No
Baskin,Can Evrenol,2015,2,0.5,No
Beauty and the Beast,Juraj Herz,1978,2,0.5,No
Before I Wake,Mike Flanagan,2016,9,3.0,Yes
Behind You, Andrew Mecham,2020,8,2.5,No
Below,David Twohy,2002,11,3.0,No
Benny Loves You,Karl Holt,2019,5,2.0,No
Berberian Sound Studio,Peter Strickland,2012,0,0.0,No
Berlin Syndrome,Cate Shortland,2017,1,0.5,No
Better Watch Out,Chris Peckover,2016,11,2.5,No
Bird Box,Susanne Bier,2018,4,0.5,Yes
Black Christmas,Bob Clark,1974,4,1.5,No
Black Christmas,Sophia Takal,2019,8,2.5,No
Black Friday,Casey Tebo,2021,6,2.0,No
Black Sheep,Jonathan King,2006,3,1.5,No
Black Swan,Darren Aronofsky,2010,10,3.0,No
Black Wake,Jeremiah Kipp,2018,2,0.5,No
Black Water,"David Nerlich, Andrew Traucki",2007,6,1.5,No
Black Water: Abyss,Andrew Traucki,2020,9,2.5,No
Blade,Stephen Norrington,1998,1,1.0,No
Blair Witch,Adam Wingard,2016,18,4.0,No
Blood Vessel,Justin Dix,2019,3,1.0,No
Boar,Chris Sun,2017,6,2.0,No
Body at Brighton Rock, Roxanne Benjamin,2019,12,3.5,No
Body Double,Brian De Palma,1984,7,1.0,No
Bone Tomahawk,S. Craig Zahler,2015,0,0.0,No
Book of Shadows: Blair Witch 2,Joe Berlinger,2000,5,1.0,No
Born of Fire,Jamil Dehlavi,1987,4,1.0,No
Boys in the Trees,Nicholas Verso,2016,3,1.0,No
Brahms: The Boy II,William Brent Bell,2020,11,3.0,No
Brain Damage,Frank Henenlotter,1988,0,0.0,No
Bram Stoker’s Dracula,Francis Ford Coppola,1992,2,0.5,No
Bride of Chucky,Ronny Yu,1998,11,2.0,No
Bride of Re-Animator,Brian Yuzna,1990,1,0.0,No
Brightburn,David Yarovesky,2019,20,3.5,No
Bubba Ho-Tep,Don Cascarelli,2002,9,0.5,No
"Butcher, Baker, Nightmare Maker / Night Warning",William Asher,1981,7,2.0,No
Butterfly Kisses,Erik Kristopher Myers,2018,2,1.0,No
C.H.U.D.,Douglas Cheek,1984,1,0.5,No
Cabin Fever,Travis Zariwny,2016,14,3.5,No
Cabin Fever,Eli Roth,2002,10,2.5,No
Calvaire (The Ordeal),Fabrice Du Welz,2004,2,0.5,No
Cam,Daniel Goldhaber,2018,1,0.5,Yes
Camp Twilight,Brandon Amelotte,2020,3,1.0,No
Candyman,Nia DaCosta,2021,3,0.5,No
Candyman,Bernard Rose,1992,16,4.0,No
Cannibal Holocaust,Ruggero Deodato,1980,0,0.0,No
Cape Fear,Martin Scorsese,1991,4,1.5,No
Cargo,"Ben Howling, Yolanda Ramke",2017,2,0.5,Yes
Carnival of Souls,Herk Harvey,1962,1,0.5,No
Carrie,Brian De Palma,1976,1,0.5,No
Carrie,Kimberly Peirce,2013,4,1.0,No
Case 39,Christian Alvart,2009,10,2.0,No
Cat People,Jacques Tourneur,1942,2,1.0,No
Caveat,Damian McCarthy,2021,9,2.5,No
Cell,Tod Williams,2016,5,2.0,No
Cemetery Man,Michele Soavi,1994,0,0.0,No
Censor,Prano Bailey-Bond,2021,3,1.0,No
Chained,Jennifer Chambers Lynch,2012,0,0.0,No
Chernobyl Diaries,Bradley Parker,2012,16,3.5,Yes
Cherry Tree,David Keating,2015,5,1.5,No
Child Eater,Erlingur Óttar Thoroddsen,2016,8,2.0,No
Child’s Play,Tom Holland,1988,8,2.5,No
Child’s Play,Lars Klevberg,2019,16,3.0,No
Children of Sorrow,Jourdan McClure,2012,2,0.5,No
Children of the Corn,Fritz Kiersch,1984,8,3.0,No
Chopping Mall,Jim Wynorski,1986,5,1.0,No
Cloverfield,Matt Reeves,2008,7,2.0,No
Clown,Jon Watts,2014,11,3.0,No
Coherence,James War Byrkit,2013,1,0.5,No
Cold Creek Manor,Mike Figgis,2003,2,0.5,No
Cold Skin,Xavier Gens,2017,4,2.0,No
Color Out of Space,Richard Stanley,2019,4,1.0,No
Come Play,Jacob Chase,2020,15,4.5,No
Coming Soon,Sophon Sakdaphisit,2008,11,3.0,No
Communion,Philippe Mora,1989,7,1.0,No
Cooties,"Jonathan Milott, Cary Murnion",2014,15,3.0,No
Countdown,Justin Dec,2019,17,4.0,No
Creep,Patrick Kack-Brice,2014,10,3.0,Yes
Creep,Christopher Smith,2004,9,3.0,No
Creep 2,Patrick Brice,2017,6,2.0,Yes
Creepshow,George A. Romero,1982,0,1.0,No
Creepshow 2,Michael Gornick,1987,3,1.5,No
Crimes of the Future,David Cronenberg ,2022,6,1.0,No
Crimson Peak,Guillermo del Toro,2015,9,2.5,No
Cruel Peter,Christian Bisceglia,2019,7,3.5,Yes
Cry Wolf,Jeff Wadlow,2005,11,1.5,No
Cube,Vincenzo Natali,1997,1,0.5,No
Cube 2: Hypercube,Andrzej Sekula,2002,2,0.5,No
Cube Zero,Ernie Barbarash,2004,1,0.5,No
Cujo,Lewis Teague,1983,4,1.0,No
Cult of Chucky,Don Mancini,2017,14,3.5,Yes
Cyberbully,Ben Chanan,2015,1,1.0,No
Daniel Isn’t Real,Adam Egypt Mortimer,2020,6,1.5,No
Dark Encounter,Carl Strathie,2019,2,0.5,No
Dark Shadows,Tim Burton,2012,2,0.5,No
Dark Skies,Scott Stewart,2013,11,2.5,No
Dark Was The Night,Jack Heller,2014,16,3.0,No
Dark Water,Walter Salles,2005,7,2.0,No
Dark Waters,Mariano Baino,1993,2,0.5,No
Darkness Falls,Jonathan Liebesman,2003,19,4.0,No
Dawn of the Dead,Zack Snyder,2004,10,2.0,No
Day of the Dead,George A. Romero,1985,10,3.0,No
Dead Alive (Braindead),Peter Jackson,1992,3,1.0,No
Dead Calm,Phillip Noyce,1989,2,1.0,No
Dead End,"Jean-Baptiste Andrea, Fabrice Canepa",2003,9,2.5,No
Dead Shack,Peter Ricq,2017,3,2.0,No
Dead Silence,James Wan,2007,15,4.0,No
Dead Snow,Tommy Wirkola,2009,9,3.5,No
Deadware,Isaac Rodriguez,2022,6,2.5,No
Death Becomes Her,Robert Zemeckis,1992,0,0.0,No
Death Note,Adam Wingard,2017,6,1.5,Yes
Death of a Vlogger,Graham Hughes,2019,14,4.0,No
Deathgasm,Jason Lei Howden,2015,7,2.0,No
Deep Blue Sea,Renny Harlin,1999,10,2.5,No
Deep Dark,Michael Medaglia,2015,2,1.0,No
Deep Red,Dario Argento,1975,7,1.5,No
Deliver Us From Evil,Scott Derrickson,2014,16,4.0,No
Dementer,Chad Crawford Kinkle,2019,1,0.5,No
Dementia,Mike Testin,2015,0,0.0,No
Demonic,Will Canon,2015,17,4.0,Yes
Depraved,Larry Fessenden,2019,6,3.0,No
Devil,John Erick Dowdle,2010,4,1.5,No
Devil in the Dark,Tim Brown,2017,2,0.5,No
Devil’s Due,"Matt Bettinelli-Olpin, Tyler Gillett",2014,13,3.0,No
Devil’s Pass,Renny Harlin,2013,10,2.5,No
Digging Up the Marrow,Adam Green,2014,5,2.5,No
Dismissed,Benjamin Arfmann,2017,0,0.0,No
Disturbia,D.J. Caruso,2007,13,3.0,No
Doctor Sleep,Mike Flanagan,2019,8,2.0,No
Doctor Strange in the Multiverse of Madness,Sam Raimi,2022,12,3.0,No
Dog Soldiers,Neil Marshall,2002,13,3.0,No
Donnie Darko,Richard Kelly,2001,3,1.0,No
Don’t Be Afraid of the Dark,Troy Nixey,2010,8,3.0,No
Don’t Breathe,Fede Alvarez,2016,17,3.5,No
Don’t Breathe 2,Rodo Sayagues,2021,7,2.0,No
Don’t Hang Up,"Damien Macé, Alexis Wajsbrot",2016,4,4.0,No
Don’t Knock Twice,Caradog W. James,2016,19,3.5,No
Don’t Listen  (Voces),Ángel Goméz Hernández,2020,27,4.5,Yes
Don’t Look Now,Nicolas Roeg,1973,1,0.5,No
Doom,Andrzej Bartkowiak,2005,15,3.5,Yes
Dracula Untold,Gary Shore,2014,4,1.0,No
Drag Me To Hell,Sam Raimi,2009,23,4.5,No
Dream House,Jim Sheridan,2011,3,0.5,No
Dreamcatcher,Lawrence Kasdan,2003,16,3.0,No
Dreamkatcher,Kerry Harris,2020,4,1.5,No
Dressed to Kill,Brian De Palma,1980,5,2.0,No
Eden Lake,James Watkins,2008,3,1.0,No
Edward Scissorhands,Tim Burton,1990,0,0.0,No
Eli,Ciarán Foy,2019,13,3.5,Yes
Elle,Paul Verhoeven,2016,7,2.0,No
Emelie,Michael Thelin,2015,3,0.5,Yes
Enter the Void,Gaspar Noé,2009,3,2.0,No
Eraserhead,David Lynch,1977,2,0.5,No
Errementari: The Blacksmith and the Devil,Paul Urkijo Alijo,2017,1,0.5,Yes
Escape from Tomorrow,Randy Moore,2013,3,0.5,No
Escape Room,Adam Robitel,2019,4,1.5,No
Escape Room: Tournament of Champions,Adam Robitel,2021,3,1.0,No
Europa Report,Sebastián Cordero,2013,1,0.5,No
Event Horizon,Paul W.S. Anderson,1997,11,3.0,No
Evil Dead,Fede Alvarez,2013,20,4.0,No
Evil Dead 2,Sam Raimi,1987,27,4.0,No
Exorcist: The Beginning,Renny Harlin,2004,17,4.0,No
Extinction,Miguel Ángel Vivas,2015,12,3.0,No
Extraterrestrial,Colin Minihan,2014,30,4.5,No
Extremity,Anthony DiBlasi,2018,5,2.5,No
Eyes Without a Face,Georges Franju,1960,1,0.5,No
False Positive,John Lee,2021,2,2.0,Yes
Fantasy Island ,Jeff Wadlow ,2020,13,2.5,No
Fatal Attraction,Adrian Lyne,1987,7,2.0,No
Fear Clinic,Robert Hall,2014,13,3.0,No
Fear of Rain,Castille Landon,2021,1,0.5,No
Fear Street Part One: 1994,Leigh Janiak,2021,12,2.5,Yes
Fear Street Part Three: 1666,Leigh Janiak,2021,5,1.0,Yes
Fear Street Part Two: 1978,Leigh Janiak,2021,15,3.0,Yes
FearDotCom,William Malone,2002,5,1.0,No
Final Destination,James Wong,2000,4,2.0,Yes
Final Destination 2,David R. Ellis,2003,3,1.0,Yes
Final Destination 3,James Wong,2006,5,1.0,Yes
Final Destination 5,Steven Quale,2011,5,1.5,No
Flatliners,Niels Arden Oplev,2017,20,4.0,No
Flatliners,Joel Schumacher,1990,7,2.0,Yes
Forbidden Siren,Yukihiko Tsutsumi,2006,5,1.0,No
Forgotten (Gi-eok-ui bam),Hang-jun Jang,2017,3,1.0,Yes
Four Hands,Oliver Kienle,2017,1,0.5,No
Frailty,Bill Paxton,2001,0,0.0,No
Frankenstein’s Army,Richard Raaphorst,2013,5,2.0,No
Freaky,Christopher Landon,2020,9,2.0,No
Freddy vs. Jason,Ronny Yu,2003,24,4.0,No
Freddy’s Dead: The Final Nightmare,Rachel Talalay,1991,5,1.0,No
Friday the 13th,Sean S. Cunningham,1980,10,3.0,No
Friday the 13th,Marcus Nispel,2009,23,4.0,No
Friday the 13th Part 2,Steve Miner,1981,12,3.0,No
Friday the 13th Part III,Steve Miner,1982,7,1.5,No
Friday the 13th Part IV: The Final Chapter,Joseph Zito,1984,7,1.5,No
Friday the 13th Part V: A New Beginning,Danny Steinmann,1985,7,1.0,No
Friday the 13th Part VII: The New Blood,John Carl Buechler,1988,4,1.0,No
Friday the 13th Part VIII: Jason Takes Manhattan,Rob Hedden,1989,4,0.0,No
Friend Request,Simon Verhoeven,2016,21,4.0,Yes
Fright Night,Tom Holland,1985,3,1.0,No
Fright Night,Craig Gillespie,2011,10,3.0,No
From Beyond,Stuart Gordon,1983,5,1.5,No
Frozen,Adam Green,2010,1,0.5,No
Funny Games,Michael Haneke,1997,1,0.5,No
Funny Games,Michael Haneke,2007,1,0.5,No
Gantz,Shinsuke Sato,2010,11,2.0,No
Gantz: Perfect Answer,Shinsuke Sato,2011,6,1.0,No
Gehenna: Where Death Lives,Hiroshi Katagiri,2016,20,4.0,No
Gerald’s Game,Mike Flanagan,2017,3,0.5,Yes
Get Out,Jordan Peele,2017,10,2.5,No
Ghost Lab,Paween Purijitpanya,2021,24,2.5,Yes
Ghost Ship,Steve Beck,2002,12,3.0,Yes
Ghost Stories,"Jeremy Dyson, Andy Nyman",2017,21,4.0,No
Ghostland,Pascal Laugier,2018,21,4.0,No
Ghosts of War,Eric Bress,2020,10,4.5,Yes
Ghostwatch,Lesley Manning,1992,6,1.0,No
Girl on the Third Floor,Travis Stevens,2019,5,1.0,No
Goal of the Dead,"Thierry Poiraud, Benjamin Rocher",2014,9,1.5,No
Godzilla vs Kong,Adam Wingard,2021,0,0.0,No
Goodnight Mommy,"Severin Fiala, Veronika Franz",2014,1,0.5,No
Goosebumps,Rob Letterman,2015,10,2.5,No
Gothika,Mathieu Kassovitz,2003,16,3.5,Yes
Grabbers,Jon Wright,2012,1,0.5,No
Grave Encounters,"Colin Minihan, Stuart Ortiz",2011,12,4.0,No
Grave Encounters 2,John Poliquin,2012,21,4.0,No
Great White,Martin Wilson,2021,11,2.5,No
Green Room,Jeremy Saulnier,2015,1,0.5,Yes
Gremlins,Joe Dante,1984,17,3.5,No
Gretel & Hansel,Oz Perkins,2020,5,1.5,No
Guns Akimbo,Jason Lei Howden,2020,2,1.0,No
Halloween,David Gordon Green,2018,14,3.5,No
Halloween,John Carpenter,1978,13,2.5,No
Halloween,Rob Zombie,2007,9,3.0,No
Halloween 4: The Return of Michael Myers,Dwight H. Little,1988,6,2.0,No
Halloween 5: The Revenge of Michael Myers,Dominique Othenin-Girard,1989,16,3.5,No
Halloween at Aunt Ethel’s,Joseph Mazzaferro,2019,5,1.0,No
Halloween H20: 20 Years Later,Steve Miner,1998,16,3.5,No
Halloween II,Rob Zombie,2009,16,3.0,No
Halloween II,Rick Rosenthal,1981,8,2.0,No
Halloween Kills,David Gordon Green,2021,22,4.0,No
Hannibal,Ridley Scott,2001,2,0.5,No
Hannibal Rising,Peter Webber,2007,0,0.0,No
Happy Death Day,Christopher Landon,2017,8,2.5,No
Happy Death Day 2U,Christopher Landon,2019,7,2.0,No
Hard Candy,David Slade,2005,1,1.0,No
Haunt,Scott Beck & Bryan Woods,2019,16,4.0,No
Head Count,Elle Callahan,2018,6,2.5,Yes
Head Trauma,Lance Weiler,2006,6,1.0,No
Hell Fest,Gregory Plotkin,2018,28,5.0,No
Hell House LLC,Stephen Cognetti,2015,6,2.5,No
Hell House LLC II: The Abaddon Hotel,Stephen Cognetti,2018,10,2.5,No
Hell House LLC III: Lake of Fire,Stephen Cognetti,2019,5,2.0,No
Hellboy,Guillermo del Toro,2004,6,1.5,No
Hello Mary Lou: Prom Night II,Bruce Pittman,1987,5,1.5,No
Hellraiser,Clive Barker,1987,5,2.0,No
Here Alone,Rod Blackhurst,2016,2,0.5,Yes
Here Comes Hell,Jack McHenry,2019,2,2.0,No
Hereditary,Ari Aster,2018,8,2.0,No
Hidden,"Matt Duffer, Ross Duffer",2015,6,1.5,No
Hide and Seek,John Polson,2005,16,3.5,No
High Tension,Alexandre Aja,2003,8,2.5,No
His House,Remi Weekes,2020,8,2.5,Yes
Holidays,"Anthony Scott Burns,Kevin Kolsch, Nicholas McCarthy, Adam Egypt Mortimer, Ellen Reid, Gary Shore, Kevin Smith, Sarah Adina Smith, Scott Stewart, Dennis Widmyer",2016,5,2.0,Yes
Hollow Man,Paul Verhoeven,2000,9,2.5,No
Honeydew,Devereux Milburn,2020,2,1.0,No
Honeymoon,Leigh Janiak,2014,3,0.5,No
Horns,Alexandre Aja,2013,3,0.5,No
Horse Girl,Jeff Baena,2020,1,0.5,Yes
Host,Rob Savage,2020,23,4.0,No
Hostel,Eli Roth,2005,2,0.5,No
Hostel: Part II,Eli Roth,2007,5,1.0,No
Hostel: Part III,Scott Spiegel,2011,6,1.5,Yes
Hosts,Adam Leader,2020,4,1.5,No
Hotel Inferno,Giulio De Santi,2013,3,1.0,No
Hotel Inferno 2: The Cathedral of Pain,"Giulio De Santi, Tiziana Machella",2017,5,1.5,No
Hotel Inferno 3: The Castle of Screams,"Giulio De Santi, Tiziana Machella",2021,8,1.0,No
Hounds of Love,Ben Young,2016,0,0.0,No
Hour of the Wolf,Ingmar Bergman,1968,1,0.5,No
House,Nobuhiko Obayashi,1977,0,0.0,No
House,Steve Miner,1986,11,3.0,No
House of 1000 Corpses,Rob Zombie,2003,6,2.5,No
House of Wax,Jaume Collet-Serra,2005,16,4.0,No
House Of Wax,André De Toth,1953,4,0.5,No
House on Haunted Hill,William Malone,1999,14,3.0,No
Housebound,Gerard Johnstone,2014,19,3.0,No
Housewife,Can Evrenol,2017,5,1.0,No
Hush,Mike Flanagan,2016,7,2.5,Yes
I Am Legend,Francis Lawrence,2007,9,2.5,No
I Am Not a Serial Killer,Billy O’Brien,2016,3,1.0,No
I Am the Pretty Thing That Lives in the House,Oz Perkins,2016,4,0.5,Yes
I Bought A Vampire Motorcycle,Dirk Campbell,1990,6,1.5,No
I Know What You Did Last Summer,Jim Gillespie,1997,13,3.5,Yes
I Saw The Devil,Kim Jee-woon,2010,2,1.0,No
Identity,James Mangold,2003,11,2.5,No
Idle Hands,Rodman Flender,1999,10,3.0,No
I’m Thinking of Ending Things,Charlie Kaufman,2020,1,0.5,Yes
Impetigore,Joko Anwar,2019,4,2.0,No
In Fabric,Peter Strickland,2019,1,0.5,No
In the Earth,Ben Wheatley,2021,0,0.0,No
In The Mouth Of Madness,John Carpenter,1994,10,3.0,No
In the Tall Grass,Vincenzo Natali,2019,4,1.0,Yes
Incarnate,Brad Peyton,2016,9,2.5,No
Inland Empire,David Lynch,2006,8,2.5,No
Inside,"Alexandre Bustillo, Julien Maury",2007,4,1.0,No
Insidious,James Wan,2010,24,5.0,No
Insidious: Chapter 2,James Wan,2013,22,4.0,No
Insidious: Chapter 3,Leigh Whannell,2015,15,4.0,No
Insidious: The Last Key,Adam Robitel,2018,15,4.0,No
Interview With the Vampire,Neil Jordan,1994,6,2.0,No
Intruders,Adam Schindler,2015,4,1.0,No
Intrusion,Adam Salky,2021,11,3.5,Yes
Invasion of the Body Snatchers,Philip Kaufman,1978,4,1.0,No
It,Andy Muschietti,2017,23,4.0,No
It Chapter Two,Andy Muschietti,2019,24,4.0,No
It Comes at Night,Trey Edward Shults,2017,5,1.5,No
It Follows,David Robert Mitchell,2014,5,2.0,No
Jacob’s Ladder,Adrian Lyne,1990,4,1.0,No
Jakob’s Wife,Travis Stevens,2021,2,1.0,No
Jason Goes to Hell: The Final Friday,Adam Marcus,1993,4,1.0,No
Jaws,Steven Spielberg,1975,4,2.5,No
Jaws 2,Jeannot Szwarc,1978,5,1.5,No
Jaws 3-D,Joe Alves,1983,5,1.0,No
Jaws: The Revenge,Joseph Sargent,1987,3,0.5,No
Jeepers Creepers,Victor Salva,2001,11,3.5,No
Jeepers Creepers 3,Victor Salva,2017,14,3.0,No
Jennifer's Body,Karyn Kusama,2009,6,2.0,No
Jeruzalem,"Yoav Paz, Doron Paz",2015,23,4.0,No
Jessabelle,Kevin Greutert,2014,9,2.0,No
Jigsaw,"Michael Spierig, Peter Spierig",2017,7,2.0,No
Joy Ride,John Dahl,2001,2,0.5,No
Ju On: The Beginning of The End,Masayuki Ochiai,2014,15,3.5,No
Ju On: The Final Curse,Masayuki Ochiai,2015,15,4.0,No
Julia’s Eyes,Guillem Morales,2010,7,2.0,No
Jurassic Park,Steven Spielberg,1993,9,2.5,No
Jurassic World,Colin Trevorrow,2015,5,2.0,No
Jurassic World: Fallen Kingdom,J.A. Bayona,2018,7,2.0,No
Kate,Cedric Nicolas-Troyan,2021,1,0.0,Yes
Kill List,Ben Wheatley,2011,1,0.5,No
Killer Klowns From Outer Space,Stephen Chiodo,1988,2,1.0,No
Knock Knock,Eli Roth,2015,2,0.5,No
Knowing,Alex Proyas,2009,2,1.0,No
Koko-di Koko-da,Johannes Nyholm,2020,0,0.0,No
Kola Superdeep / The Superdeep / Кольская сверхглубокая / Kolskaya Sverhglubokaya,Arseny Syuhin,2020,6,1.5,No
Kolobos,"Daniel Liatowitsch, David Todd Ocvirk",1999,4,1.0,No
Krampus,Michael Dougherty,2015,10,2.0,No
Kristy,Oliver Blackburn,2014,19,3.0,No
Kuroneko,Kaneto Shindō,1968,1,0.5,No
Lake Mungo,Joel Anderson,2008,1,0.5,No
Lake Placid,Steve Miner,1999,12,2.5,No
Lamb,Vladimar Johannsson,2021,0,0.0,No
Last Shift,Anthony DiBlasi,2014,17,4.0,No
Leatherface,"Alexandre Bustillo, Julien Maury",2017,13,3.0,No
Leatherface: The Texas Chainsaw Massacre III,Jeff Burr,1990,6,1.5,No
Leprechaun,Mark Jones,1993,9,3.0,No
Leprechaun 2,Rodman Flender,1994,1,0.0,No
Leprechaun Returns,Steven Kostanski,2018,8,3.0,No
Let Me In,Matt Reeves,2010,3,0.5,No
Let The Right One In,Tomas Alfredson,2008,2,0.5,No
Let Us Prey,Brian O’Malley,2014,7,3.0,No
Life,Daniel Espinosa,2017,8,2.0,No
Lights Out,David F. Sandberg,2016,19,4.5,No
Little Evil,Eli Craig,2017,7,1.5,Yes
Livid,"Alexandre Bustillo, Julien Maury",2011,11,3.5,No
Living Dark: The Story of Ted the Caver,David Hunt,2013,14,3.5,No
Lo,Travis Betz,2009,2,0.5,No
Look Away,Assaf Bernstein,2018,0,1.5,No
Lord of Illusions,Clive Barker,1995,15,4.0,No
Lost Boys 3: The Thirst,Dario Piana,2010,7,1.5,No
Lost Creek,Colin Adams-Toomey,2016,2,0.5,No
Lost Highway,David Lynch,1997,1,0.5,No
Lucky,Natasha Kermani,2020,1,0.5,No
Ma,Tate Taylor,2019,3,1.0,No
Maggie,Henry Hobson,2015,4,0.5,No
Maléfique,Eric Valette,2002,0,0.0,No
Malevolent,Olaf de Fleur Johannesson,2018,8,3.0,Yes
Malice,Harold Becker,1993,3,1.0,No
Malignant,James Wan,2021,18,3.5,No
Mama,Andrés Muschietti,2013,13,3.5,No
Mandy,Panos Cosmatos,2018,5,1.5,No
Maniac,Franck Khalfoun,2012,6,2.5,No
Marrowbone,Sergio G. Sánchez,2017,5,2.5,No
Martyrs,Pascal Laugier,2008,15,3.0,No
Martyrs Lane,Ruth Platt,2021,5,2.0,No
Maximum Overdrive,Stephen King,1986,4,1.0,No
May,Lucky McKee,2002,0,0.0,No
May The Devil Take You Too,Timo Tjahjanto,2020,9,3.5,No
Mayhem,Joe Lynch,2017,2,0.5,No
Megan Is Missing,Michael Goi,2011,1,0.5,No
Midsommar,Ari Aster,2019,3,1.0,No
Mirrors,Alexandre Aja,2008,15,4.0,No
Misery,Rob Reiner,1990,3,0.5,No
Mom and Dad,Brian Taylor,2017,5,1.5,No
Morgan,Luke Scott,2016,3,0.5,No
Mother!,Darren Aronofsky,2017,7,2.0,No
Mulholland Drive,David Lynch,2001,1,1.0,No
Murder Death Koreatown,Anonymous,2020,2,1.0,No
My Bloody Valentine,Patrick Lussier,2009,19,3.5,No
My Bloody Valentine,George Mihalka,1981,11,2.5,No
My Friend Dahmer,Marc Meyers,2017,0,0.0,No
My Heart Can’t Beat Unless You Tell It To,Jonathan Cuartas,2020,1,0.5,No
Necromentia,Pearry Reginald Teo,2009,0,0.0,No
Neighbour No. 13,Yasuo Inoue,2005,0,0.0,No
Nerve,"Henry Joost, Ariel Schulman",2016,1,0.5,No
Night of the Comet,Thom Eberhardt,1984,2,0.5,No
Night of the Living dead,George A. Romero,1968,5,2.0,No
Night Teeth,Adam Randall,2021,6,1.0,Yes
Nina Forever,"Ben Blaine, Chris Blaine",2015,1,0.0,No
No Escape (Follow Me),Will Wernick,2020,2,2.0,No
No One Gets Out Alive,Santiago Menghini,2021,4,1.5,No
Nobody Sleeps in the Woods Tonight,Bartosz M. Kowalski,2020,9,3.0,No
Nocturnal Animals,Tom Ford,2016,1,1.0,No
Noroi: The Curse,Kôji Shiraishi,2005,4,1.0,No
Occult Angel,Andy Roberts,2018,3,1.0,No
Oculus,Mike Flanagan,2013,14,3.5,No
Odd Thomas,Stephen Sommers,2013,10,3.0,No
OLD, M. Night Shyamalan,2021,2,0.0,No
One Hour Photo,Mark Romanek,2002,1,0.5,No
One Missed Call,Eric Valette,2008,15,3.5,No
Only Lovers Left Alive,Jim Jarmusch,2013,0,0.0,Yes
Open 24 Hours,Padraig Reynolds,2018,7,3.0,No
Orphan,Jaume Collet-Serra,2009,12,3.0,No
Ouija,Stiles White,2014,16,4.0,No
Ouija: Origin of Evil,Mike Flanagan,2016,18,4.0,No
Overlord,Julius Avery,2018,12,2.5,No
P2,Franck Khalfoun,2007,16,4.0,No
Pan’s Labyrinth,Guillermo del Toro,2006,6,1.5,No
Pandorum,Christian Alvart,2009,13,4.0,Yes
Paperhouse,Bernard Rose,1988,6,1.5,No
Paranormal Activity,Oren Peli,2007,10,3.5,No
Paranormal Activity 2,Tod Williams,2010,14,3.5,No
Paranormal Activity 3,"Henry Joost, Ariel Schulman",2011,20,4.0,No
Paranormal Activity 4,"Ariel Schulman, Henry Joost",2012,21,3.5,No
Paranormal Activity: Next of Kin,William Eubank,2021,13,4.5,No
Paranormal Activity: The Ghost Dimension,Gregory Plotkin,2015,29,4.0,No
Patient Zero,Stefan Ruzowitzky,2018,6,1.5,No
Pay The Ghost,Uli Edel,2015,13,3.0,No
Perfect,Eddie Alcazar,2018,0,0.0,No
Perfect Blue,Satoshi Kon,1997,0,0.0,No
Personal Shopper,Olivier Assayas,2016,4,0.5,No
Pet,Carles Torrens,2016,2,1.0,No
Pet Sematary,"Kevin Kölsch, Dennis Widmyer",2019,14,3.5,No
Pet Sematary,Mary Lambert,1989,13,3.5,No
Phantasm,Don Coscarelli,1979,14,3.0,No
Phenomena,Dario Argento,1985,11,2.5,No
Phobias,"Camilla Belle, Maritte Lee Go, Joe Sill",2021,7,2.0,No
Phoenix Forgotten,Justin Barber,2017,0,0.0,No
Piranha 3D,Alexandre Aja,2010,9,2.0,No
Piranha 3DD,John Gulager,2012,13,3.5,No
Planet Terror,Robert Rodriguez,2007,14,2.5,No
Poltergeist,Tobe Hooper,1982,9,1.0,Yes
Poltergeist – Extended Cut,Gil Kenan,2015,22,4.0,No
Poltergeist – Theatrical Cut,Gil Kenan,2015,21,4.0,No
Poltergeist II: The Other Side,Brian Gibson,1986,6,2.0,No
Poltergeist III,Gary Sherman,1988,9,2.5,No
Pontypool,Bruce McDonald,2008,1,0.5,No
Porno,Keola Racela,2019,2,2.0,No
Possum,Matthew Holness,2018,4,1.0,No
Predator,John McTiernan,1987,7,2.0,No
Prevenge,Alice Lowe,2016,0,0.5,No
Prey,Thomas Sieben,2021,1,0.5,Yes
Pride and Prejudice and Zombies,Burr Steers,2016,7,2.0,No
Primal Rage,Patrick Magee,2018,4,2.0,No
Prince of Darkness,John Carpenter,1987,7,2.5,No
Prisoners of the Ghostland,Sion Sono,2021,1,0.0,No
Prometheus,Ridley Scott,2012,7,1.5,No
Psycho, Gus Van Sant,1998,4,1.0,No
Psycho,Alfred Hitchcock,1960,2,0.5,No
Psycho Goreman,Steven Kostanski,2020,1,0.0,No
Pulse / Kairo,Kiyoshi Kurosawa,2001,2,0.5,No
Pumpkinhead,Stan Winston,1988,5,2.5,No
Quarantine,John Erick Dowdle,2008,14,3.5,No
Random Acts of Violence,Jay Baruchel,2020,0,0.0,No
Rare Exports: A Christmas Tale,Jalmari Helander,2010,4,0.5,No
Ravenous,Antonia Bird,1999,4,1.0,No
Raw,Julia Ducournau,2016,3,1.0,Yes
Rawhead Rex,George Pavlou,1986,3,1.5,No
Ready or Not,"Matt Bettinelli-Olpin, Tyler Gillett",2019,10,3.0,No
Re-Animator,Stuart Gordon,1985,4,1.0,No
Red Dragon,Brett Ratner,2002,6,2.0,Yes
Regression,Alejandro Amenábar,2015,3,1.0,No
Relic,Natalie Erika James,2020,3,0.5,No
Reminiscence,Lisa Joy,2021,1,1.0,No
Repulsion,Roman Polanski,1965,7,2.5,No
Resident Evil,Paul W.S. Anderson,2002,7,2.5,No
Resident Evil: The Final Chapter,Paul W.S. Anderson,2016,29,4.5,No
Resolution,"Justin Benson, Aaron Moorhead",2012,2,0.5,No
Restoration,Zack Ward,2016,10,3.0,No
Rings,F. Javier Gutiérrez,2017,19,3.5,No
Ringu,Hideo Nakata,1998,6,2.0,No
Ringu 0: Birthday,Norio Tsuruta,2000,0,0.0,No
Ringu 2,Hideo Nakata,1999,1,0.5,No
Ringu: Kanzenban,Chisui Takigawa,1995,2,0.5,No
Room 213,Emelie Lindblom,2017,11,3.0,No
Rosemary’s Baby,Roman Polanski,1968,0,0.0,No
Run,Aneesh Chaganty,2020,1,0.0,Yes
Sadako,Hideo Nakata,2019,3,0.5,No
Sadako 3D,Tsutomu Hanabusa,2012,15,4.0,No
Sadako 3D 2,Tsutomu Hanabusa,2013,15,4.0,No
Saint Maud,Rose Glass,2020,2,1.0,No
Savage Intruder (Hollywood Horror House),Donald Wolfe,1970,3,0.5,No
Saw,James Wan,2004,6,2.0,No
Saw 3D,Kevin Greutert,2010,5,1.0,No
Saw II,Darren Lynn Bousman,2005,5,1.0,No
Saw III,Darren Lynn Bousman,2006,5,1.5,No
Saw IV,Darren Lynn Bousman,2007,6,1.5,No
Saw V,David Hackl,2008,5,1.0,No
Saw VI,Kevin Greutert,2009,3,0.5,No
Scare Me,Josh Ruben,2020,4,0.5,No
Scary Movie,Keenen Ivory Wayans,2000,8,1.5,No
Scary Movie 2,Keenen Ivory Wayans,2001,8,1.5,Yes
Scary Stories to Tell in the Dark,André Øvredal,2019,8,3.0,No
Scream,Wes Craven,1996,19,3.5,No
Scream,"Matt Bettinelli-Olpin, Tyler Gillett",2022,22,3.5,No
Scream 2,Wes Craven,1997,19,4.0,No
Scream 3,Wes Craven,2000,23,4.0,No
Scream 4,Wes Craven,2011,18,3.5,Yes
Seance,Simon Barrett,2021,3,1.5,No
Searching,Aneesh Chaganty,2018,0,0.0,No
Secret Window,David Koepp,2004,10,2.0,No
Sequence Break,Graham Skipper,2017,3,0.5,No
Session 9,Brad Anderson,2001,0,0.0,No
Seven,David Fincher,1995,1,0.5,No
Seven in Heaven,Chris Eigeman,2018,8,2.0,Yes
Shadow People,Matthew Arnold,2013,10,2.5,No
Shaun of the Dead,Edgar Wright,2004,13,2.5,No
Sheitan,Kim Shapiron,2006,2,1.5,No
Shutter,"Banjong Pisanthanakun, Parkpoom Wongpoom",2004,11,4.0,Yes
Shutter Island,Martin Scorsese,2010,9,2.0,No
Signs,M. Night Shyamalan,2002,8,2.0,No
Silent Hill,Christophe Gans,2006,7,1.5,No
Silent Hill: Revelation,Michael J. Bassett,2012,22,4.0,No
Silver Bullet,Dan Attias,1985,15,3.0,No
Sinister,Scott Derrickson,2012,17,5.0,No
Sinister 2,Ciarán Foy,2015,19,4.0,No
Skinwalker Ranch,Devin McGinn,2013,5,1.5,No
Sleepaway Camp,Robert Hiltzik,1983,6,1.5,No
Sleepy Hollow,Tim Burton,1999,1,0.5,No
Slender Man,Sylvain White,2018,15,3.5,No
Slither,James Gunn,2006,10,3.0,No
Slumber,Jonathan Hopkins,2017,12,3.0,No
Society,Brian Yuzna,1989,1,0.5,No
Species,Roger Donaldson,1995,7,3.0,No
Sphere,Barry Levinson,1998,4,1.0,Yes
Spiral,Kurtis David Harder,2019,5,1.0,No
Spiral (Rasen),George Iida,1998,1,0.5,No
Spiral: From the Book of Saw,Darren Lynn Bousman,2021,9,3.0,No
Splinter,Toby Wilkins,2008,10,3.0,No
Split,M. Night Shyamalan,2016,3,0.5,No
Spontaneous,Brian Duffield,2020,3,0.5,No
Spring,"Justin Benson, Aaron Moorhead",2014,1,0.5,No
Sputnik,Egor Abramenko,2020,3,0.5,No
StageFright,Michele Soavi,1987,2,0.5,No
Stake Land,Jim Mickle,2010,1,0.5,No
Starfish,A.T. White,2018,4,1.0,No
Starry Eyes,"Kevin Kolsch, Dennis Widmyer",2014,9,2.0,No
Stay Alive,William Brent Bell,2006,20,3.0,No
Stay Out Of The F**king Attic,Jerren Lauder,2020,2,1.0,No
Stephanie,Akiva Goldsman,2017,18,3.0,Yes
Stir of Echoes,David Koepp,1999,9,3.0,No
Stoker,Park Chan-wook,2013,0,1.0,No
Street Trash,J. Michael Muro,1987,0,0.0,No
Suicide Club,Sion Sono,2001,0,0.0,No
Summer of 84,"Anouk Whissell, François Simard, Yoann-Karl Whissell",2018,19,4.0,No
Sunshine,Danny Boyle,2007,6,1.5,No
Super 8,J.J. Abrams,2011,15,3.5,No
Suspiria,Dario Argento,1977,6,1.5,No
Suspiria,Luca Guadagnino,2018,2,0.5,No
Sweet Home,Rafa Martínez,2015,6,1.5,No
Sweetheart,Justin Dillard,2019,6,1.5,No
Tale of the Mummy,Russell Mulcahy,1998,4,0.5,No
Tales of Halloween,"Neil Marshall, Darren Lynn Bousman, Axelle Carolyn, Lucky McKee, Andrew Kasch, Paul Solet, John Skipp, Adam Gierasch, Jace Anderson, Mike Mendez, Ryan Schifrin, Dave Parker",2015,14,3.0,Yes
Terrified (Aterrados),Demian Rugna,2017,13,4.0,No
Terrifier,Damien Leone,2017,18,3.5,Yes
Texas Chainsaw 3D,John Luessenhop,2013,14,3.0,No
The 9th Life of Louis Drax,Alexandre Aja,2016,4,1.0,No
The Abandoned,Eytan Rockaway,2015,21,3.5,No
The ABCs of Death,27 different directors,2012,0,0.0,No
The Abyss,James Cameron,1989,2,0.5,No
The Advent Calendar,Patrick Ridremont,2021,3,1.5,No
The Amityville Horror,Stuart Rosenberg,1979,8,2.5,No
The Amityville Horror,Andrew Douglas,2005,17,4.0,No
The Amusement Park,George A. Romero,2019,0,0.0,No
The Atticus Institute,Chris Sparling,2015,13,3.5,No
The Autopsy of Jane Doe,André Øvredal,2016,12,3.0,Yes
The Awakening,Nick Murphy,2011,6,3.5,No
The Axiom,Nicholas Woods,2018,4,2.0,No
The Babadook,Jennifer Kent,2014,11,3.0,No
The Babadook – Original Australian Blu-Ray at 25fps,Jennifer Kent,2014,11,3.0,No
The Babysitter,McG,2017,8,2.5,Yes
The Barrens,Darren Lynn Bousman,2012,5,1.0,No
The Batman,Matt Reeves,2022,4,1.0,No
The Bay,Barry Levinson,2012,8,2.5,No
The Beach House,Jeffrey A. Brown,2020,1,0.5,No
The Belko Experiment,Greg McLean,2016,8,2.5,No
The Beyond,Lucio Fulci,1981,27,4.0,No
The Black Phone,Scott Derrickson,2022,3,2.0,No
The Blackcoat’s Daughter,Osgood Perkins,2015,3,0.5,No
The Blair Witch Project,Daniel Myrick & Eduardo Sánchez,1999,0,0.0,No
The Blob,Chuck Russel,1988,11,3.0,No
The Blob,Irvin S. Yeaworth Jr.,1958,3,0.5,No
The Borderlands (Final Prayer),Elliot Goldner,2013,12,3.0,No
The Boy,Craig Macneill,2015,1,0.5,No
The Boy,William Brent Bell,2016,11,3.0,Yes
The Boy Behind The Door,"David Charbonier, Justin Powell",2020,5,1.5,No
The Burning,Tony Maylam,1981,21,4.0,No
The Butterfly Effect,"Eric Bress, J. Mackye Gruber",2004,4,1.0,No
The Bye Bye Man,Stacy Title,2017,13,3.0,No
The Cabin In The Woods,Drew Goddard,2012,13,3.0,No
The Call,Lee Chung-hyun,2020,2,1.0,Yes
The Call,Brad Anderson,2013,9,2.5,No
The Canal,Ivan Kavanagh,2014,4,2.0,No
The Cell,Tarsem Singh,2000,6,3.5,No
The Changeling,Peter Medak,1980,7,2.0,No
The Cleansing Hour,Damien LeVeck,2019,14,4.0,No
The Closet,Kwang-bin Kim,2020,3,2.0,No
The Clovehitch Killer,Duncan Skiles,2018,0,0.0,No
The Cloverfield Paradox,Julius Onah,2018,8,3.0,Yes
The Collector,Marcus Dunstan,2009,2,1.0,No
The Collingswood Story,Michael Costanza,2002,4,0.5,No
The Conjuring,James Wan,2013,12,4.0,Yes
The Conjuring 2,James Wan,2016,22,5.0,No
The Conjuring: The Devil Made Me Do It,Michael Chaves,2021,12,4.5,No
The Conspiracy,Christopher MacBride,2012,1,0.5,No
The Conversation,Francis Ford Coppola,1974,1,0.5,No
The Craft,Andrew Fleming,1996,4,1.0,No
The Crazies,Breck Eisner,2010,18,4.0,No
The Cropsey Incident,Julian Grant,2017,0,0.0,No
The Crucifixion,Xavier Gens,2017,19,4.5,No
The Cured,David Freyne,2017,16,3.0,No
The Curse of La Llorona,Michael Chaves,2019,20,4.0,No
The Dark and the Wicked,Bryan Bertino,2020,11,2.5,No
The Dead Don’t Die,Jim Jarmusch,2019,0,0.0,No
The Deep House,Alexandre Bustillo,2021,12,3.0,No
The Deeper You Dig,"John Adams, Toby Poser",2020,2,1.0,No
The Den,Zachary Donohue,2013,14,4.0,No
The Dentist,Brian Yuzna,1996,3,0.5,No
The Dentist 2,Brian Yuzna,1998,2,0.5,No
The Descent,Neil Marshall,2005,16,4.0,No
The Descent: Part 2,Jon Harris,2009,20,5.0,No
The Devil Below,Bradley Parker,2021,12,3.0,Yes
The Devil Inside,William Brent Bell,2012,8,2.5,No
The Devil’s Backbone,Guillermo del Toro,2001,4,1.5,No
The Devil’s Candy,Sean Byrne,2015,8,2.0,Yes
The Devil’s Rejects,Rob Zombie,2005,0,0.0,No
The Disappointments Room,D.J. Caruso,2016,9,2.5,Yes
The Echo,Yam Laranas,2004,7,1.5,No
The Echo,Yam Laranas,2008,9,2.5,No
The Empty Man,David Prior,2020,5,1.0,No
The Endless,"Justin Benson, Aaron Moorhead",2017,7,2.5,No
The Evil Dead,Sam Raimi,1981,22,4.0,No
The Exorcism of Emily Rose,Scott Derrickson,2005,9,2.5,No
The Exorcist,William Friedkin,1973,10,1.5,No
The Exorcist III,William Peter Blatty,1990,11,2.5,No
The Eye,"Danny Pang, Oxide Chun Pang",2002,5,2.0,No
The Eyes of My Mother,Nicolas Pesce,2016,0,0.0,Yes
The Faculty,Robert Rodriguez,1998,11,3.0,No
The Field Guide to Evil," Veronika Franz, Peter Strickland, Calvin Lee Reeder, Ashim Ahluwalia, Katrin Gebbe, Can Evrenol, Severin Fiala, Yannis Veslemes, Agnieszka Smoczyńska",2018,5,1.5,No
The Final Destination,David R. Ellis,2009,4,1.0,No
The Final Girls,Todd Strauss-Schulson,2015,8,1.5,No
The First Purge,Gerard McMurray,2018,8,2.5,No
The Fly,David Cronenberg,1986,2,0.5,No
The Fog,John Carpenter,1980,16,3.5,No
The Forest,Jason Zada,2016,13,3.5,No
The Forever Purge,Everardo Gout,2021,12,3.0,No
The Forgotten,Joseph Ruben,2004,7,3.0,No
The Fourth Kind,Olatunde Osunsanmi,2009,3,1.0,No
The Frighteners,Peter Jackson,1996,9,2.0,No
The Funeral Home,Mauro Iván Ojeda,2020,3,2.5,Yes
The Funhouse,Tobe Hooper,1981,18,3.5,No
The Funhouse Massacre,Andy Palmer,2015,8,2.5,No
The Gallows,Travis Cluff & Chris Lofing,2015,21,4.0,No
The Gift,Joel Edgerton,2015,5,1.5,No
The Girl with All the Gifts,Colm McCarthy,2016,3,1.0,No
The Good Neighbor,Kasra Farahani,2016,7,2.0,Yes
The Gracefield Incident,Mathieu Ratthe,2017,10,2.5,No
The Green Inferno,Eli Roth,2013,4,1.0,No
The Grudge,Takashi Shimizu,2004,23,4.0,No
The Grudge,Nicholas Pesce,2020,19,4.0,No
The Grudge 2,Takashi Shimizu,2006,21,4.5,No
The Guest,Adam Wingard,2014,5,1.5,No
The Hallow,Corin Hardy,2015,18,3.5,No
The Happening,M. Night Shyamalan,2008,1,0.5,No
The Happiness of the Katakuris,Takashi Miike,2001,4,0.5,No
The Harvest,John McNaughton,2013,0,0.0,No
The Haunting,Robert Wise,1963,3,1.0,No
The Haunting in Connecticut,Peter Cornwell,2009,26,4.5,No
The Haunting in Connecticut 2: Ghosts of Georgia,Tom Elkins,2013,32,5.0,No
The Heretics,Chad Archibald,2017,4,1.5,Yes
The Hills Have Eyes,Alexandre Aja,2006,9,2.5,No
The Hitcher,Dave Meyers,2007,10,3.0,No
The Hitcher,Robert Harmon,1986,11,2.5,No
The Hole,Nick Hamm,2001,3,0.5,No
The Hole in the Ground,Lee Cronin,2019,9,1.5,No
The House of the Devil,Ti West,2009,4,1.0,No
The House on Pine Street,"Aaron Keeling, Austin Keeling",2015,5,1.0,No
The House on Sorority Row,Mark Rosman,1982,12,1.0,No
The House with a Clock in Its Walls,Eli Roth,2018,8,1.5,No
The Houses October Built,Bobby Roe,2014,9,4.0,No
The Howling,Joe Dante,1981,10,2.5,No
The Human Centipede – First Sequence,Tom Six,2009,4,1.5,No
The Hunt,Craig Zobel,2020,4,1.0,No
The Innkeepers,Ti West,2011,9,2.0,No
The Innocents,Jack Clayton,1961,4,0.5,No
The Invisible Man ,Leigh Whannell,2020,6,3.0,No
The Invitation,Karyn Kusama,2015,5,1.0,Yes
The Jacket,John Maybury,2005,6,1.5,No
The Killing of a Sacred Deer,Yorgos Lanthimos,2017,3,0.5,No
The Last Broadcast,"Stefan Avalos, Lance Weiler",1998,1,0.5,No
The Last Exorcism,Daniel Stamm,2010,7,2.0,No
The Last House on the Left,Dennis Iliadis,2009,4,0.5,No
The Lazarus Effect,David Gelb,2015,18,4.5,No
The Legend of Boggy Creek,Charles B. Pierce,1972,3,0.5,No
The Legend of Hell House,John Hough,1973,8,1.5,No
The Lighthouse,Robert Eggers,2019,4,1.0,No
The Limehouse Golem,Juan Carlos Medina,2016,0,0.0,No
The Little Stranger,Lenny Abrahamson,2018,0,0.0,No
The Little Things,John Lee Hancock,2021,3,0.0,No
The Lodge ,Severin Fiala & Veronika Franz,2019,5,1.5,No
The Lords of Salem,Rob Zombie,2012,3,1.0,No
The Lost Boys,Joel Schumacher,1987,8,3.0,No
The Lost Boys: The Tribe,P.J. Pesce,2008,10,2.0,No
The Love Witch,Anna Biller,2016,0,0.0,No
The Lovebirds,Michael Showalter,2020,2,0.5,Yes
The Loved Ones,Sean Byrne,2009,3,1.0,No
The Manor,Axelle Carolyn,2021,5,2.5,No
The McPherson Tape,Dean Alioto,1989,0,0.0,No
The Medium,Banjong Pisanthanakun,2021,4,2.5,No
The Meg,Jon Turteltaub,2018,18,3.5,No
The Messengers,"Danny Pang, Oxide Chun Pang",2007,27,4.5,No
The Midnight Meat Train,Ryûhei Kitamura,2008,1,0.5,No
The Mist,Frank Darabont,2007,5,1.0,No
The Monster,Bryan Bertino,2016,11,3.0,Yes
The Mortuary Collection,Ryan Spindell,2020,9,3.0,No
The Mothman Prophecies,Mark Pellington,2002,4,1.0,No
The Mummy,Alex Kurtzman,2017,16,3.5,No
The Mummy,Stephen Sommers,1999,15,3.0,Yes
The Neighbor,Marcus Dunstan,2016,3,1.0,No
The Neon Demon,Nicolas Winding Refn,2016,2,0.5,No
The New Daughter,Luiso Berdejo,2009,11,2.5,No
The New Mutants,Josh Boone,2020,6,1.5,No
The Night House,David Bruckner,2021,7,2.0,No
The Nightmare Gallery,Gene Blalock,2019,2,0.5,No
The Ninth Gate,Roman Polanski,1999,0,0.0,No
The Number 23,Joel Schumacher,2007,3,0.5,No
The Nun,Corin Hardy,2018,21,4.5,No
The Omen,Richard Donner,1976,1,0.5,No
The Omen,John Moore,2006,8,2.0,No
The Ones Below,David Farr,2015,0,0.0,Yes
The Open House,"Matt Angel, Suzanne Coote",2018,14,3.0,Yes
The Orphanage,J.A. Bayona,2007,7,1.5,No
The Other Side of the Door,Johannes Roberts,2016,16,3.5,No
The Others,Alejandro Amenábar,2001,4,2.0,No
The Pact,Nicholas McCarthy,2012,12,3.0,No
The People Under the Stairs,Wes Craven,1991,13,3.0,No
The Perfection,Richard Shepard,2019,1,0.5,Yes
The Perfume of the Lady in Black,Francesco Barilli,1974,4,1.0,No
The Phoenix Incident,Keith Arem,2015,10,3.0,No
The Pool,Ping Lumpraploeng,2018,2,1.0,No
The Possession,Ole Bornedal,2012,10,3.0,No
The Possession of Michael King,David Jung,2014,20,4.0,No
The Poughkeepsie Tapes,John Erick Dowdle,2007,4,1.0,No
The Predator,Shane Black,2018,6,1.5,No
The Prowler,Joseph Zito,1981,23,4.5,No
The Purge,James DeMonaco,2013,12,3.0,No
The Purge: Anarchy,James DeMonaco,2014,13,3.0,No
The Purge: Election Year,James DeMonaco,2016,9,2.5,No
The Pyramid,Grégory Levasseur,2014,14,4.0,Yes
The Quiet Ones,John Pogue,2014,23,4.0,No
The Reflecting Skin,Philip Ridley,1990,0,0.0,No
The Rental,Dave Franco,2020,6,3.0,No
The Return of the Living Dead,Dan O’Bannon,1985,1,0.5,No
The Ring,Gore Verbinski,2002,9,2.5,No
The Ring Two,Hideo Nakata,2005,11,3.0,No
The Ring Virus,Kim Dong-bin,1999,3,0.5,No
The Rite,Mikael Håfström,2011,7,2.0,Yes
The Ritual,David Bruckner,2017,15,3.0,Yes
The Room,Christian Volckman,2019,5,1.0,No
The Ruins,Carter Smith,2008,4,1.5,No
The Sacrament,Ti West,2013,2,0.5,No
The Sand ,Isaac Gabaeff,2015,0,0.0,No
The Shallows,Jaume Collet-Serra,2016,9,2.5,No
The Shape of Water,Guillermo del Toro,2017,2,0.5,No
The Shed,Frank Sabatella,2019,16,4.5,No
The Shining,Stanley Kubrick,1980,3,0.5,Yes
The Silence of the Lambs,Jonathan Demme,1991,0,0.0,No
The Sixth Sense,M. Night Shyamalan,1999,8,1.5,Yes
The Skeleton Key,Iain Softley,2005,11,3.0,No
The Snowman,Tomas Alfredson,2017,9,2.0,No
The Special,B. Harrison Smith,2020,1,0.0,No
The Stalker,John Giorgio,2020,0,0.0,No
The Strangers,Bryan Bertino,2008,16,4.5,No
The Strangers: Prey at Night,Johannes Roberts,2018,14,3.5,No
The Suicide Squad,James Gunn,2021,3,1.0,No
The Swerve,Dean Kapsalis,2019,0,0.0,No
The Taking of Deborah Logan,Adam Robitel,2014,19,3.5,No
The Texas Chain Saw Massacre,Tobe Hooper,1974,2,1.0,No
The Texas Chainsaw Massacre,Marcus Nispel,2003,16,3.0,No
The Texas Chainsaw Massacre 2,Tobe Hooper,1986,6,4.0,No
The Texas Chainsaw Massacre: The Beginning,Jonathan Liebesman,2006,17,3.5,Yes
The Thing,John Carpenter,1982,7,2.0,No
The Thing,Matthijs van Heijningen Jr.,2011,7,2.5,No
The Town That Dreaded Sundown,Alfonso Gomez-Rejon,2014,8,3.0,No
The Transfiguration,Michael O’Shea,2016,2,1.0,No
The Tunnel,Carlo Ledesma,2011,6,2.5,No
The Turning,Floria Sigismondi,2020,13,3.5,No
The Unborn,David S. Goyer,2009,14,3.5,Yes
The Unholy,Evan Spiliotopoulos,2021,15,2.5,No
The Uninvited,Charles & Thomas Guard,2009,11,3.0,Yes
The Vast of Night,Andrew Patterson,2020,0,0.0,No
The Veil,Phil Joanou,2016,12,3.0,Yes
The Vigil,Keith Thomas,2019,7,3.0,Yes
The Village,M. Night Shyamalan,2004,4,1.0,No
The Visit,M. Night Shyamalan,2015,8,2.5,No
The Visitor,Giulio Paradisi,1979,7,1.5,No
The Visitors,Joakim Ersgård,1988,12,2.0,No
The Voices,Marjane Satrapi,2014,3,0.5,No
The Void,"Jeremy Gillespie, Steven Kostanski",2016,8,2.0,Yes
The Wailing,Na Hong-jin,2016,4,1.0,Yes
The Ward,John Carpenter,2010,15,4.0,No
The Watcher in the Woods,John Hough,1980,12,1.5,No
The Wicker Man,Robin Hardy,1973,4,0.5,No
The Widow,Ivan Minin,2020,5,2.0,No
The Witch,Robert Eggers,2015,4,1.5,Yes
The Witch In The Window,Andy Mitton,2018,6,3.5,No
The Wolfman,Joe Johnston,2010,18,4.0,No
The Woman in Black,James Watkins,2012,16,4.0,No
The Woman in Black 2: Angel of Death,Tom Harper,2014,14,4.0,No
The Woman in the Window,Joe Wright,2021,6,2.5,Yes
The Wretched,Brett Pierce,2019,8,3.5,Yes
Them,"David Moreau, Xavier Palud",2006,16,4.0,No
Thesis,Alejandro Amenábar,1996,3,0.5,No
They Look Like People,Perry Blackshear,2015,2,0.5,No
Things Heard and Seen,"Shari Springer Berman, Robert Pulcini",2021,7,2.5,Yes
Thir13en (Thirteen) Ghosts,Steve Beck,2001,17,3.0,No
Thor: Love and Thunder,Taika Waititi,2022,2,1.0,No
Till Death,S.K. Dale,2021,6,3.5,No
Timecrimes,Nacho Vigalondo,2007,3,0.5,No
Tokyo Gore Police,Yoshihiro Nishimura,2008,3,1.0,No
Tourist Trap,David Schmoeller,1979,8,2.0,No
Tragedy Girls,Tyler Macintyre,2017,8,2.0,No
Train to Busan,Sang-ho Yeon,2016,4,1.0,Yes
Trash Fire,Richard Bates Jr.,2016,0,0.0,Yes
Tremors,Ron Underwood,1990,16,2.5,No
Triangle,Christopher Smith,2009,5,1.0,No
Trick ‘r Treat,Michael Dougherty,2007,6,2.5,No
Truth or Dare,Jeff Wadlow,2018,7,2.0,No
Tucker and Dale vs. Evil,Eli Craig,2010,9,1.5,No
Tusk,Kevin Smith,2014,0,0.0,Yes
Under the Shadow,Babak Anvari,2016,9,3.5,Yes
Underwater,William Eubank,2020,15,4.0,No
Unfriended,Leo Gabriadze,2014,5,3.0,No
Unfriended: Dark Web,Stephen Susco,2018,6,1.5,No
Unsane,Steven Soderbergh,2018,2,0.5,No
Urban Legend,Jamie Blanks,1998,17,4.0,No
Urban Legends: Bloody Mary,Mary Lambert,2005,8,2.0,No
Urban Legends: Final Cut,John Ottman,2000,9,2.5,No
Us,Jordan Peele,2019,11,2.5,No
Uzumaki,Higuchinsky,2000,15,3.0,No
V/H/S,"Matt Bettinelli-Olpin, David Bruckner, Tyler Gillett, Justin Martinez, Glenn McQuaid, Radio Silence, Joe Swanberg, Chad Villella, Ti West, Adam Wingard",2012,7,3.5,No
V/H/S/2,"Simon Barrett, Jason Eisener, Gareth Evans, Gregg Hale, Eduardo Sánchez, Timo Tjahjanto, Adam Wingard",2013,14,4.0,No
V/H/S/94," Simon Barrett, Chloe Okuno, Ryan Prows, Jennifer Reeder, Timo Tjahjanto",2021,12,2.5,No
V/H/S: Viral,"Justin Benson, Gregg Bishop, Marcel Sarmiento, Aaron Moorhead, Nacho Vigalondo",2014,9,2.5,No
Vacancy,Nimród Antal,2007,12,2.5,No
Vacancy 2: First Cut,Eric Bross,2008,5,1.0,No
Vacancy 3: Terror Trap,Dan Garcia,2010,1,0.5,No
Van Helsing ,Stephen Sommers ,2004,3,0.5,No
Velvet Buzzsaw,Dan Gilroy,2019,10,2.5,Yes
Venom,Ruben Fleischer,2018,10,2.5,Yes
Veronica,Paco Plaza,2017,10,3.0,Yes
VFW,Joe Begos,2019,2,1.0,No
Victor Frankenstein,Paul McGuigan,2015,6,1.5,No
Videodrome, David Cronenberg,1983,1,0.5,No
Village of the Damned,John Carpenter,1995,2,2.0,No
Viral,"Henry Joost, Ariel Schulman",2016,20,4.0,No
Visions,Kevin Greutert,2015,10,3.5,No
Vivarium,Lorcan Finnegan,2020,0,0.0,No
Wait Until Dark,Terence Young,1967,1,0.5,No
Warm Bodies,Jonathan Levine,2013,8,2.0,No
Watch If You Dare,"Jill Gevargizian, Andy Stewart, Christopher G. Moore",2018,0,0.0,No
We Are Still Here,Ted Geoghegan,2015,12,3.0,No
We Are What We Are,Jim Mickle,2013,2,1.0,No
We Need To Do Something,Sean King O’Grady,2021,2,2.0,No
Werewolves Within,Josh Ruben,2021,21,3.5,No
Wes Craven’s New Nightmare,Wes Craven,1994,11,2.5,No
What Lies Beneath,Robert Zemeckis,2000,16,3.0,No
What the Waters Left Behind,"Luciano Onetti, Nicolás Onetti",2017,5,1.0,No
When a Stranger Calls,Fred Walton,1979,5,2.0,No
White Noise,Geoffrey Sax,2005,17,3.5,No
White Noise 2: The Light,Patrick Lussier,2007,24,4.5,No
Who Was Phone?,"David Daan, Steve Daan",2020,8,2.5,No
Wildling,Fritz Böhm,2018,4,1.5,No
Willow Creek,Bobcat Goldthwait,2013,10,2.0,No
Willy’s Wonderland,Kevin Lewis,2021,12,3.0,No
Winchester,"Michael Spierig, Peter Spierig",2018,17,4.0,No
Wind Chill,Gregory Jacobs,2007,13,3.0,No
Wish Upon,John R. Leonetti,2017,11,2.0,No
Wishmaster,Robert Kurtzman,1997,4,2.5,No
Wishmaster 2: Evil Never Dies,Jack Sholder,1999,3,2.0,No
Woe,Matthew Goodhue,2020,3,1.0,No
Wolf Creek,Greg McLean,2005,0,0.0,No
Wolf Creek 2,Greg McLean,2013,3,1.0,No
WolfCop,Lowell Dean,2014,0,0.0,No
World War Z,Marc Forster,2013,7,2.5,No
Would You Rather,David Guy Levy,2012,3,1.0,Yes
Wounds,Babak Anvari,2019,6,1.0,Yes
Wrong Turn,Mike P. Nelson,2021,8,3.5,No
Wrong Turn,Rob Schmidt,2003,13,3.0,No
X  ,Ti West,2022,16,3.5,No
X – He’s Always Watching,AJ Meadows,2013,9,3.0,No
You Might Be the Killer,Brett Simmons,2018,6,1.5,No
You’re Next,Adam Wingard,2011,11,3.0,No
Z (2019),Brandon Christensen,2019,9,4.0,No
Zodiac,David Fincher,2007,3,0.5,No
Zombieland,Ruben Fleischer,2009,9,3.0,No
Zombieland: Double Tap,Ruben Fleischer,2019,2,0.5,No
